[{"title": "The Road Not Taken", "author": "Robert Frost", "text": "Two roads diverged in a wood, and I\u2014\nI took the one less traveled by,\nAnd that has made all the difference."}, {"title": "Still I Rise", "author": "Maya Angelou", "text": "You may write me down in history\nWith your bitter, twisted lies,\nYou may tread me in the very dirt\nBut still, like dust, I'll rise."}, {"title": "If", "author": "Rudyard Kipling", "text": "If you can keep your head when all about you\nAre losing theirs and blaming it on you;\nYours is the Earth and everything that's in it,\nAnd\u2014which is more\u2014you'll be a Man, my son!"}]